timestamp,strategy,status,response_time_ms
2025-10-29T09:42:12.799281,adjust_thresholds,success,200
2025-10-29T09:42:35.477613,adjust_thresholds,success,200
2025-10-29T09:43:18.679819,retry_deployment,failure,15050.48
2025-10-29T09:43:44.029075,retry_deployment,failure,15027.61
2025-10-29T09:44:02.090599,adjust_thresholds,success,200
2025-10-29T09:44:21.893311,adjust_thresholds,success,200
2025-10-29T09:45:00.264114,retry_deployment,failure,15018.48
2025-10-29T09:45:05.243099,adjust_thresholds,success,200
2025-10-29T09:47:29.180358,retry_deployment,failure,15015.06
2025-10-29T09:48:02.132038,retry_deployment,failure,15019.71
2025-10-29T09:48:40.538266,restore_previous_version,failure,15580.88
2025-10-29T09:49:02.723649,retry_deployment,failure,15039.74
2025-10-29T09:49:20.808634,adjust_thresholds,success,200
2025-10-29T09:49:54.253568,adjust_thresholds,success,200
2025-10-29T09:50:31.653746,retry_deployment,failure,15028.93
2025-10-29T09:50:35.403116,adjust_thresholds,success,200
2025-10-29T09:59:42.816718,retry_deployment,failure,15044.49
2025-10-29T10:05:21.541803,adjust_thresholds,success,200
2025-10-29T10:06:12.122001,restore_previous_version,failure,15032.36
2025-10-29T10:07:16.767884,adjust_thresholds,success,200
2025-10-29T10:09:07.729049,adjust_thresholds,success,200
2025-10-29T10:26:51.236406,retry_deployment,failure,15024.07
2025-10-29T10:28:23.259941,restore_previous_version,failure,15016.53
2025-10-29T10:37:06.949279,retry_deployment,failure,15045.45
2025-10-29T10:37:50.652942,retry_deployment,failure,15015.99
2025-10-29T10:38:27.403461,retry_deployment,failure,15011.03
2025-10-29T10:38:45.652033,restore_previous_version,failure,15030.71
2025-10-29T10:39:02.218729,adjust_thresholds,success,200
2025-10-29T10:39:19.057557,adjust_thresholds,success,200
2025-10-29T10:39:41.191347,adjust_thresholds,success,200
2025-10-29T10:39:47.501313,adjust_thresholds,success,200
2025-10-29T11:19:41.890161,adjust_thresholds,success,200
2025-10-29T11:57:54.250985,adjust_thresholds,success,200
2025-10-29T12:31:11.121156,adjust_thresholds,success,200
2025-10-29T14:13:30.786484,adjust_thresholds,success,200
2025-10-29T14:57:35.439548,restore_previous_version,failure,15038.16
2025-10-29T15:21:21.757303,restore_previous_version,failure,15024.73
2025-10-29T15:24:58.330764,retry_deployment,failure,15018.71
2025-10-29T15:25:43.798346,restore_previous_version,failure,15022.42
2025-10-29T15:35:16.095207,retry_deployment,failure,15024.86
2025-10-29T15:44:08.604649,adjust_thresholds,success,200
2025-10-29T15:50:24.030696,adjust_thresholds,success,200
2025-10-29T15:51:31.728548,retry_deployment,failure,15024.36
2025-10-29T15:54:26.077674,adjust_thresholds,success,200
2025-10-29T15:54:45.786248,adjust_thresholds,success,200
2025-10-29T15:55:52.092776,restore_previous_version,failure,15026.25
2025-10-29T15:56:37.141631,retry_deployment,failure,15030.16
2025-10-29T15:57:10.409803,restore_previous_version,failure,15021.85
2025-10-29T15:57:48.399246,retry_deployment,failure,15021.88
2025-10-29T15:58:07.564104,restore_previous_version,failure,15042.99
2025-10-29T15:58:32.516449,adjust_thresholds,success,200
2025-10-29T15:58:52.801158,adjust_thresholds,success,200
2025-10-29T15:59:14.886760,adjust_thresholds,success,200
2025-10-29T15:59:18.865204,adjust_thresholds,success,200
2025-10-29T16:03:10.735528,adjust_thresholds,success,200
2025-10-29T16:04:12.688284,adjust_thresholds,success,200
2025-10-29T16:05:14.527405,adjust_thresholds,success,200
2025-10-29T16:06:11.159239,adjust_thresholds,success,200
2025-10-29T16:07:11.790077,adjust_thresholds,success,200
